class,arrow_shot,battle_strength,battlefield_medic,berserker,blaze_attack,bloodlust,body_block,cleanse_touch,creeper_explosion,crossbow,dash,defensive_aura,deflection,defusal,dragon_fireball,elder_guardian_beam,emergency_shield,ender_pearl_jump,evoker_fangs,fishing,ghast_fireball,guardian_beam,guardian_intercept,guardian_repulse,healing_aura,healing_bottle,immunity_frame,last_stand_fury,life_gift,lightning_strike,llama_spit,pack_guard,psychic_wall,retaliation_slow,revitalizing_presence,shadow_hands,shield_block,shulker_bullet,sky_launch,snowball_shot,triage_pulse,trident,warden_scream,wither_skull
assassin,1.0,1.0,1.0,3.2,1.0,3.6,1.0,1.0,2.0,1.0,5.0,1.0,1.0,1.0,1.0,1.0,1.0,5.0,1.0,2.0,1.0,1.0,1.0,1.0,1.0,1.0,1.0,1.0,1.0,1.0,1.0,1.0,1.0,4.0,1.0,2.0,1.0,2.0,2.0,1.0,1.0,1.0,3.8,2.4
attributer,1.0,1.0,1.0,1.0,1.0,1.0,1.0,1.0,1.0,1.0,1.0,1.0,1.0,1.0,1.0,1.0,1.0,1.0,1.0,1.0,1.0,1.0,1.0,1.0,1.0,1.0,1.0,1.0,1.0,1.0,1.0,1.0,1.0,1.0,1.0,1.0,1.0,1.0,1.0,1.0,1.0,1.0,1.0,1.0
bee,1.0,1.0,1.0,1.0,1.0,1.0,1.0,1.0,1.0,1.0,35.0,1.0,1.0,1.0,1.0,1.0,1.0,1.0,1.0,1.0,1.0,1.0,1.0,1.0,1.0,1.0,1.0,1.0,1.0,1.0,1.0,1.0,1.0,1.0,1.0,1.0,1.0,1.0,1.0,1.0,1.0,1.0,1.0,1.0
blaze,1.0,1.0,1.0,1.0,45.0,1.0,1.0,1.0,1.0,1.0,1.0,1.0,1.0,1.0,1.0,1.0,1.0,1.0,1.0,1.0,1.0,1.0,1.0,1.0,1.0,1.0,1.0,1.0,1.0,8.0,1.0,1.0,1.0,1.0,1.0,1.0,1.0,1.0,1.0,1.0,1.0,1.0,1.0,1.0
crackhead,1.0,1.0,1.0,1.0,1.0,1.0,1.0,1.0,1.0,1.0,1.0,1.0,1.0,1.0,1.0,1.0,1.0,1.0,1.0,1.0,1.0,1.0,1.0,1.0,1.0,1.0,1.0,1.0,1.0,1.0,40.0,3.0,1.0,1.0,1.0,1.0,1.0,1.0,1.0,1.0,1.0,1.0,1.0,1.0
creeper,1.0,1.0,1.0,1.0,1.0,1.0,1.0,1.0,30.0,1.0,10.0,1.0,1.0,5.0,1.0,1.0,1.0,1.0,1.0,5.0,1.0,1.0,1.0,1.0,1.0,1.0,1.0,1.0,1.0,1.0,1.0,1.0,1.0,1.0,1.0,1.0,1.0,1.0,1.0,1.0,1.0,1.0,1.0,1.0
defuser,1.0,1.0,1.0,1.0,1.0,1.0,1.0,1.0,1.0,1.0,1.0,1.0,1.0,100.0,1.0,1.0,1.0,1.0,1.0,1.0,1.0,1.0,1.0,1.0,1.0,1.0,1.0,1.0,1.0,1.0,1.0,1.0,1.0,1.0,1.0,1.0,1.0,1.0,1.0,1.0,1.0,1.0,1.0,1.0
desmond doss,1.0,1.0,20.0,1.0,1.0,1.0,1.0,20.0,1.0,1.0,1.0,1.0,1.0,10.0,1.0,1.0,5.0,1.0,1.0,1.0,1.0,1.0,1.0,1.0,40.0,20.0,10.0,1.0,20.0,1.0,1.0,1.0,10.0,1.0,1.0,1.0,10.0,1.0,1.0,1.0,20.0,1.0,1.0,1.0
disco,1.0,18.0,1.0,1.0,1.0,1.0,1.0,1.0,1.0,1.0,1.0,18.0,1.0,1.0,1.0,1.0,1.0,1.0,1.0,1.0,1.0,1.0,1.0,1.0,1.0,1.0,1.0,1.0,1.0,1.0,1.0,1.0,1.0,1.0,1.0,1.0,1.0,1.0,1.0,1.0,1.0,1.0,1.0,1.0
dolphin,1.0,1.0,1.0,1.0,1.0,1.0,1.0,1.0,1.0,1.0,12.0,1.0,1.0,1.0,1.0,1.0,1.0,1.0,1.0,1.0,1.0,1.0,1.0,1.0,1.0,1.0,1.0,1.0,1.0,1.0,1.0,1.0,1.0,1.0,1.0,1.0,1.0,1.0,1.0,1.0,1.0,28.0,1.0,1.0
dps,1.0,1.0,1.0,4.0,1.0,4.0,1.0,1.0,1.0,1.0,1.0,1.0,1.0,1.0,1.0,1.0,1.0,1.0,1.0,1.0,1.0,1.0,1.0,1.0,1.0,1.0,1.0,1.0,1.0,1.0,1.0,1.0,1.0,1.0,1.0,1.0,1.0,1.0,1.0,1.0,1.0,1.0,1.0,1.0
drowned,1.0,1.0,1.0,1.0,1.0,1.0,1.0,1.0,1.0,1.0,1.0,1.0,1.0,1.0,1.0,1.0,1.0,1.0,1.0,10.0,1.0,1.0,1.0,1.0,1.0,1.0,1.0,1.0,1.0,1.0,1.0,1.0,1.0,1.0,1.0,1.0,1.0,1.0,1.0,1.0,1.0,30.0,1.0,1.0
enderman,1.0,1.0,1.0,1.0,1.0,1.0,1.0,1.0,1.0,1.0,14.0,1.0,1.0,1.0,1.0,1.0,1.0,45.0,1.0,1.0,1.0,1.0,1.0,1.0,1.0,1.0,1.0,1.0,1.0,1.0,1.0,1.0,1.0,1.0,1.0,5.0,1.0,1.0,1.0,1.0,1.0,1.0,1.0,1.0
evoker,1.0,1.0,1.0,1.0,1.0,1.0,1.0,1.0,1.0,1.0,1.0,1.0,1.0,1.0,1.0,1.0,1.0,1.0,42.0,1.0,1.0,1.0,1.0,1.0,1.0,1.0,1.0,1.0,1.0,1.0,1.0,1.0,1.0,1.0,1.0,24.0,1.0,1.0,1.0,1.0,1.0,1.0,1.0,1.0
fisher,1.0,1.0,1.0,1.0,1.0,1.0,1.0,1.0,1.0,1.0,15.0,1.0,1.0,1.0,1.0,1.0,1.0,1.0,1.0,6.0,1.0,1.0,1.0,1.0,4.0,1.0,1.0,1.0,1.0,1.0,13.0,1.0,1.0,1.0,4.0,1.0,1.0,1.0,1.0,1.0,1.0,14.0,1.0,1.0
frost,1.0,1.0,1.0,1.0,1.0,1.0,1.0,1.0,1.0,1.0,1.0,1.0,1.0,1.0,1.0,1.0,1.0,1.0,1.0,1.0,1.0,1.0,1.0,1.0,1.0,1.0,1.0,1.0,1.0,1.0,1.0,1.0,1.0,1.0,1.0,1.0,1.0,1.0,1.0,50.0,1.0,1.0,1.0,1.0
gandalf,1.0,1.0,1.0,1.0,1.0,1.0,1.0,1.0,1.0,1.0,1.0,1.0,1.0,1.0,1.0,1.0,1.0,1.0,1.0,1.0,1.0,1.0,1.0,1.0,1.0,1.0,1.0,1.0,1.0,1.0,1.0,1.0,1.0,1.0,1.0,1.0,1.0,1.0,1.0,1.0,1.0,1.0,1.0,1.0
ghast,1.0,1.0,1.0,1.0,1.0,1.0,1.0,1.0,1.0,1.0,1.0,1.0,1.0,1.0,1.0,1.0,1.0,1.0,1.0,1.0,55.0,1.0,1.0,1.0,1.0,1.0,1.0,1.0,1.0,1.0,1.0,1.0,1.0,1.0,1.0,1.0,1.0,1.0,1.0,1.0,1.0,1.0,1.0,1.0
goofygirl,1.0,1.0,1.0,1.0,1.0,1.0,1.0,1.0,1.0,1.0,5.0,1.0,1.0,1.0,1.0,1.0,1.0,1.0,1.0,10.0,1.0,1.0,1.0,1.0,1.0,1.0,1.0,1.0,1.0,1.0,5.0,1.0,2.0,1.0,1.0,1.0,1.0,10.0,10.0,1.0,1.0,1.0,1.0,1.0
guardian,1.0,1.0,1.0,1.0,1.0,1.0,1.0,1.0,1.0,1.0,1.0,10.0,1.0,1.0,1.0,1.0,1.0,1.0,1.0,1.0,1.0,45.0,8.0,15.0,1.0,1.0,1.0,1.0,1.0,1.0,1.0,1.0,8.0,1.0,1.0,1.0,1.0,1.0,1.0,1.0,1.0,1.0,1.0,1.0
healer,1.0,1.0,10.0,1.0,1.0,1.0,1.0,2.0,1.0,1.0,1.0,1.0,1.0,1.0,1.0,1.0,1.0,1.0,1.0,1.0,1.0,1.0,1.0,1.0,10.0,10.0,1.0,1.0,10.0,1.0,2.0,1.0,1.0,1.0,10.0,1.0,1.0,1.0,1.0,1.0,10.0,1.0,1.0,1.0
iron_golem,1.0,1.0,1.0,1.0,1.0,1.0,26.0,1.0,1.0,1.0,1.0,1.0,1.0,50.0,1.0,1.0,1.0,1.0,1.0,1.0,1.0,1.0,24.0,1.0,1.0,1.0,1.0,1.0,1.0,1.0,1.0,1.0,1.0,1.0,1.0,1.0,24.0,1.0,24.0,1.0,1.0,1.0,1.0,1.0
knight,1.0,2.0,1.0,1.0,1.0,1.0,1.0,1.0,1.0,1.0,6.0,1.0,1.0,1.0,1.0,1.0,1.0,1.0,1.0,1.0,1.0,1.0,1.0,1.0,1.0,1.0,2.0,1.0,1.0,1.0,1.0,1.0,1.0,1.0,1.0,1.0,6.0,1.0,2.0,1.0,1.0,1.0,1.0,1.0
mage,1.0,1.0,1.0,1.0,1.0,1.0,1.0,1.0,1.0,1.0,1.0,1.0,1.0,1.0,4.6,4.2,1.0,1.0,3.6,1.0,3.2,4.4,1.0,1.0,1.0,1.0,1.0,1.0,1.0,3.6,1.0,1.0,1.0,1.0,1.0,4.0,1.0,4.0,1.0,1.0,1.0,1.0,3.8,4.0
maniac,1.0,1.0,1.0,1.0,1.0,1.0,1.0,1.0,1.0,1.0,1.0,1.0,1.0,1.0,1.0,1.0,1.0,1.0,1.0,1.0,1.0,1.0,1.0,1.0,1.0,1.0,1.0,1.0,1.0,1.0,1.0,1.0,1.0,1.0,1.0,1.0,1.0,1.0,1.0,1.0,1.0,1.0,1.0,1.0
none,1.0,1.0,1.0,1.0,1.0,1.0,1.0,1.0,1.0,1.0,1.0,1.0,1.0,1.0,1.0,1.0,1.0,1.0,1.0,1.0,1.0,1.0,1.0,1.0,1.0,1.0,1.0,1.0,1.0,1.0,1.0,1.0,1.0,1.0,1.0,1.0,1.0,1.0,1.0,1.0,1.0,1.0,1.0,1.0
ordinary,1.0,1.0,1.0,1.0,1.0,1.0,1.0,1.0,1.0,1.0,1.0,1.0,1.0,1.0,1.0,1.0,1.0,1.0,1.0,1.0,1.0,1.0,1.0,1.0,1.0,1.0,1.0,1.0,1.0,1.0,1.0,1.0,1.0,1.0,1.0,1.0,1.0,1.0,1.0,1.0,1.0,1.0,1.0,1.0
phantom,1.0,1.0,1.0,1.0,1.0,1.0,1.0,1.0,1.0,1.0,38.0,1.0,1.0,1.0,1.0,1.0,1.0,1.0,1.0,1.0,1.0,1.0,1.0,1.0,1.0,1.0,1.0,1.0,1.0,1.0,1.0,1.0,1.0,1.0,1.0,1.0,1.0,1.0,1.0,1.0,1.0,1.0,1.0,1.0
piglin,1.0,1.0,1.0,1.0,1.0,1.0,1.0,1.0,1.0,42.0,1.0,1.0,1.0,1.0,1.0,1.0,1.0,1.0,1.0,1.0,1.0,1.0,1.0,1.0,1.0,1.0,1.0,1.0,1.0,1.0,1.0,1.0,1.0,1.0,1.0,1.0,1.0,1.0,1.0,1.0,1.0,1.0,1.0,1.0
protectedbitch,1.0,1.0,1.0,1.0,1.0,1.0,1.0,1.0,1.0,1.0,1.0,1.0,1.0,1.0,1.0,1.0,1.0,1.0,1.0,1.0,1.0,1.0,1.0,1.0,1.0,1.0,100.0,1.0,1.0,1.0,1.0,1.0,1.0,1.0,1.0,1.0,100.0,1.0,1.0,1.0,1.0,1.0,1.0,1.0
protector,1.0,1.0,1.0,1.0,1.0,1.0,1.0,1.0,1.0,1.0,1.0,7.0,5.0,1.0,1.0,1.0,10.0,1.0,1.0,1.0,1.0,1.0,5.0,5.0,1.0,1.0,3.0,1.0,1.0,1.0,1.0,7.0,7.0,1.0,1.0,1.0,10.0,1.0,7.0,1.0,1.0,1.0,1.0,1.0
shooter,5.0,1.0,1.0,1.0,3.6,1.0,1.0,1.0,1.0,5.5,1.0,1.0,1.0,1.0,1.0,1.0,1.0,1.0,1.0,1.0,1.0,1.0,1.0,1.0,1.0,1.0,1.0,1.0,1.0,1.0,4.2,1.0,1.0,1.0,1.0,1.0,1.0,1.0,1.0,5.8,1.0,5.2,1.0,1.0
shulker,1.0,1.0,1.0,1.0,1.0,1.0,1.0,1.0,1.0,1.0,1.0,1.0,12.0,1.0,1.0,1.0,1.0,10.0,1.0,1.0,1.0,1.0,1.0,1.0,1.0,1.0,1.0,1.0,1.0,1.0,1.0,1.0,10.0,1.0,1.0,1.0,1.0,50.0,8.0,1.0,1.0,1.0,1.0,1.0
skeleton,50.0,1.0,1.0,1.0,1.0,1.0,1.0,1.0,1.0,50.0,1.0,1.0,1.0,1.0,1.0,1.0,1.0,1.0,1.0,1.0,1.0,1.0,1.0,1.0,1.0,1.0,1.0,10.0,1.0,1.0,1.0,1.0,1.0,1.0,1.0,1.0,1.0,1.0,1.0,1.0,1.0,1.0,1.0,1.0
slime,1.0,1.0,1.0,1.0,1.0,1.0,26.0,1.0,1.0,1.0,1.0,1.0,1.0,1.0,1.0,1.0,1.0,1.0,1.0,1.0,1.0,1.0,1.0,1.0,1.0,1.0,1.0,1.0,1.0,1.0,1.0,1.0,1.0,1.0,1.0,1.0,1.0,1.0,20.0,1.0,1.0,1.0,1.0,1.0
speedster,1.0,1.0,1.0,1.0,1.0,1.0,1.0,1.0,1.0,1.0,300.0,1.0,1.0,1.0,1.0,1.0,1.0,1.0,1.0,1.0,1.0,1.0,1.0,1.0,1.0,1.0,1.0,1.0,1.0,1.0,1.0,1.0,1.0,1.0,1.0,1.0,1.0,1.0,1.0,1.0,1.0,1.0,1.0,1.0
spider,1.0,1.0,1.0,1.0,1.0,1.0,1.0,1.0,1.0,1.0,1.0,1.0,1.0,1.0,1.0,1.0,1.0,1.0,1.0,1.0,1.0,1.0,1.0,1.0,1.0,1.0,1.0,1.0,1.0,1.0,1.0,1.0,1.0,1.0,1.0,1.0,1.0,1.0,1.0,1.0,1.0,1.0,1.0,1.0
sponge,1.0,1.0,1.0,1.0,1.0,1.0,1.0,1.0,1.0,1.0,1.0,1.0,1.0,1.0,1.0,1.0,1.0,1.0,1.0,1.0,1.0,1.0,1.0,1.0,1.0,1.0,1.0,1.0,1.0,1.0,1.0,1.0,1.0,1.0,1.0,1.0,1.0,1.0,1.0,1.0,1.0,1.0,1.0,1.0
striker,1.0,1.0,1.0,1.0,1.0,1.0,1.0,1.0,1.0,1.0,1.0,1.0,1.0,1.0,1.0,1.0,1.0,1.0,1.0,1.0,1.0,1.0,1.0,1.0,1.0,1.0,1.0,1.0,1.0,1.0,1.0,1.0,1.0,1.0,1.0,1.0,1.0,1.0,1.0,1.0,1.0,1.0,1.0,1.0
supporter,1.0,3.2,4.0,1.0,1.0,1.0,1.0,4.0,1.0,1.0,1.0,4.6,1.0,1.0,1.0,1.0,1.0,1.0,1.0,1.0,1.0,1.0,1.0,1.0,10.0,6.0,1.0,1.0,4.0,1.0,1.0,1.0,1.0,1.0,1.0,1.0,2.5,1.0,1.0,1.0,1.0,1.0,1.0,1.0
tanker,1.0,1.0,1.0,1.0,1.0,1.0,4.0,1.0,1.0,1.0,1.0,4.8,4.0,7.0,1.0,1.0,4.0,1.0,1.0,1.0,1.0,1.0,4.0,4.0,1.0,1.0,4.0,4.0,1.0,1.0,1.0,1.0,4.0,1.0,1.0,1.0,4.0,1.0,1.0,1.0,1.0,1.0,1.0,1.0
thor,1.0,1.0,1.0,1.0,1.0,1.0,1.0,1.0,1.0,1.0,1.0,1.0,1.0,1.0,1.0,1.0,1.0,1.0,1.0,1.0,1.0,1.0,1.0,1.0,1.0,1.0,1.0,1.0,1.0,10.0,1.0,1.0,1.0,1.0,1.0,1.0,1.0,1.0,1.0,1.0,1.0,1.0,1.0,1.0
unstable_god,1.0,1.0,1.0,1.0,1.0,1.0,1.0,1.0,1.0,1.0,1.0,1.0,1.0,1.0,1.0,1.0,1.0,1.0,1.0,1.0,1.0,1.0,1.0,1.0,1.0,1.0,1.0,1.0,1.0,1.0,1.0,1.0,1.0,1.0,1.0,1.0,1.0,1.0,1.0,1.0,1.0,1.0,1.0,1.0
vorgottenlunchbox,1.0,1.0,1.0,1.0,1.0,1.0,1.0,1.0,1.0,1.0,1.0,1.0,1.0,1.0,1.0,1.0,1.0,1.0,1.0,1.0,1.0,1.0,1.0,1.0,1.0,1.0,1.0,1.0,1.0,1.0,1.0,1.0,1.0,1.0,1.0,1.0,1.0,1.0,1.0,1.0,1.0,1.0,1.0,1.0
warden,1.0,1.0,1.0,1.0,1.0,3.0,1.0,1.0,1.0,1.0,1.0,1.0,2.0,1.0,1.0,1.0,1.0,1.0,1.0,1.0,1.0,1.0,1.0,1.0,1.0,1.0,1.0,1.0,1.0,1.0,1.0,1.0,1.0,1.0,1.0,2.0,1.0,1.0,1.0,1.0,1.0,1.0,20.0,1.0
witch,1.0,1.0,1.0,1.0,1.0,1.0,1.0,14.0,1.0,1.0,1.0,1.0,1.0,1.0,1.0,1.0,1.0,1.0,1.0,1.0,1.0,1.0,1.0,1.0,1.0,28.0,1.0,1.0,1.0,1.0,1.0,1.0,1.0,18.0,1.0,1.0,1.0,1.0,1.0,1.0,1.0,1.0,1.0,1.0
wither,1.0,1.0,1.0,1.0,1.0,1.0,1.0,1.0,1.0,1.0,1.0,1.0,1.0,1.0,1.0,1.0,1.0,1.0,1.0,1.0,1.0,1.0,1.0,1.0,1.0,1.0,1.0,1.0,1.0,1.0,1.0,1.0,1.0,1.0,1.0,1.0,1.0,1.0,1.0,1.0,1.0,1.0,1.0,40.0
zombie,1.0,1.0,1.0,1.0,1.0,50.0,1.0,1.0,1.0,1.0,1.0,1.0,1.0,1.0,1.0,1.0,1.0,1.0,1.0,1.0,1.0,1.0,1.0,1.0,1.0,1.0,50.0,10.0,1.0,1.0,1.0,1.0,1.0,1.0,1.0,1.0,1.0,1.0,1.0,1.0,1.0,1.0,1.0,1.0
