class,ability_power,amphibious,bane_of_arthropods,blazing_protection,bosskiller,bubbling,chain_lightning,charisma,comfort,disc_jockey,emergency_cooldown_reduction,explosion_resistance,feather_falling,fire_resistance,firefang,frost_fang,gluttonous,health_siphon,herding,jump_boost,killer,killexploder,lifesteal,lightningfang,linked_inventory,magnetic,muffled,negative_effect_transfer,ore_scenting,pacifist,pierce,poison_fang,poison_resistance,positive_effect_steal,regeneration,rejuvenation,resistance,smite,speed,strength,sweeping_edge,tethered_teleport,totem,victim_siphon,void_cloud,wall_climber,warping_bite,witherfang
assassin,1.0,4.0,1.0,1.0,1.0,2.5,4.0,1.0,1.0,1.0,1.0,1.0,1.0,1.0,2.6,2.6,1.0,1.0,1.0,1.0,4.0,2.5,3.0,1.6,1.0,4.0,1.5,1.0,1.0,1.0,2.5,4.0,1.0,1.0,1.0,4.0,1.0,1.0,3.2,1.4,1.0,1.0,1.0,4.0,2.5,1.0,4.0,3.0
attributer,1.0,1.0,1.0,1.0,1.0,1.0,1.0,1.0,1.0,1.0,1.0,1.0,1.0,1.0,1.0,1.0,1.0,1.0,1.0,1.0,1.0,1.0,1.0,1.0,1.0,1.0,1.0,1.0,1.0,1.0,1.0,1.0,1.0,1.0,1.0,1.0,1.0,1.0,1.0,1.0,1.0,1.0,1.0,1.0,1.0,1.0,1.0,1.0
bee,1.0,1.0,1.0,1.0,1.0,1.0,1.0,4.0,1.0,1.0,1.0,1.0,1.0,1.0,1.0,1.0,1.0,1.0,1.0,1.0,1.0,1.0,1.0,1.0,1.0,1.0,1.0,1.0,1.0,1.0,1.0,35.0,1.0,1.0,1.0,1.0,1.0,1.0,16.0,1.0,1.0,1.0,1.0,1.0,1.0,1.0,1.0,1.0
blaze,5.0,1.0,1.0,15.0,1.0,1.0,1.0,1.0,1.0,1.0,1.0,1.0,1.0,25.0,25.0,1.0,1.0,1.0,1.0,1.0,1.0,1.0,1.0,4.0,1.0,1.0,1.0,1.0,1.0,1.0,1.0,1.0,3.0,1.0,1.0,1.0,1.0,1.0,1.0,1.0,1.0,1.0,1.0,1.0,1.0,1.0,1.0,1.0
creeper,1.0,2.0,1.0,1.0,1.0,1.0,1.0,1.0,2.0,1.0,1.0,1.0,4.0,1.0,1.0,1.0,1.0,1.0,1.0,1.0,3.0,3.0,1.0,1.0,1.0,5.0,1.0,1.0,1.0,1.0,1.0,1.0,1.0,1.0,1.0,1.0,1.0,1.0,5.0,1.0,1.0,1.0,1.0,1.0,1.0,1.0,1.0,1.0
disco,1.0,1.0,1.0,1.0,1.0,1.0,1.0,18.0,20.0,40.0,1.0,1.0,1.0,1.0,1.0,1.0,1.0,1.0,1.0,1.0,1.0,1.0,1.0,1.0,1.0,1.0,1.0,1.0,1.0,1.0,1.0,1.0,1.0,1.0,1.0,1.0,1.0,1.0,1.0,1.0,1.0,1.0,1.0,1.0,1.0,1.0,1.0,1.0
dolphin,1.0,40.0,1.0,1.0,1.0,18.0,1.0,1.0,1.0,1.0,1.0,1.0,1.0,1.0,1.0,1.0,1.0,1.0,1.0,1.0,1.0,1.0,1.0,1.0,1.0,1.0,1.0,1.0,1.0,1.0,1.0,1.0,1.0,1.0,1.0,1.0,1.0,1.0,14.0,1.0,1.0,1.0,1.0,1.0,1.0,1.0,1.0,1.0
dps,1.0,1.0,2.5,1.0,1.0,1.0,1.5,1.0,1.0,1.0,1.0,1.0,1.0,1.0,3.0,2.6,1.0,1.0,1.0,1.0,3.4,1.0,1.0,2.6,1.0,1.0,1.0,1.0,1.0,1.0,4.0,2.6,1.0,1.0,1.0,1.0,1.0,2.5,1.0,4.0,4.0,1.0,1.0,1.0,1.0,1.0,1.0,2.6
enderman,1.0,1.0,1.0,1.0,1.0,1.0,1.0,3.0,1.0,1.0,1.0,1.0,6.0,1.0,1.0,1.0,1.0,1.0,1.0,8.0,1.0,1.0,1.0,1.0,1.0,1.0,5.0,1.0,1.0,1.0,1.0,1.0,1.0,1.0,1.0,1.0,1.0,1.0,10.0,1.0,1.0,1.0,1.0,1.0,12.0,1.0,15.0,1.0
evoker,28.0,1.0,1.0,1.0,1.0,1.0,1.0,1.0,1.0,1.0,1.0,1.0,1.0,1.0,1.0,1.0,1.0,1.0,1.0,1.0,1.0,1.0,1.0,1.0,1.0,1.0,1.0,1.0,1.0,1.0,1.0,1.0,1.0,1.0,1.0,12.0,1.0,1.0,1.0,1.0,1.0,1.0,1.0,1.0,1.0,1.0,1.0,1.0
fisher,1.0,20.0,5.0,1.0,1.0,5.0,6.0,1.0,1.0,1.0,1.0,5.0,1.0,1.0,1.0,5.0,1.0,1.0,1.0,2.0,1.0,1.0,1.0,2.0,1.0,1.0,1.0,1.0,1.0,1.0,10.0,10.0,10.0,1.0,1.0,3.0,1.0,1.0,1.0,1.0,1.0,1.0,1.0,1.0,1.0,1.0,1.0,1.0
ghast,18.0,1.0,1.0,1.0,1.0,1.0,1.0,1.0,1.0,1.0,1.0,1.0,10.0,22.0,18.0,1.0,1.0,1.0,1.0,1.0,1.0,1.0,1.0,1.0,1.0,1.0,1.0,1.0,1.0,1.0,1.0,1.0,1.0,1.0,1.0,1.0,1.0,1.0,1.0,1.0,1.0,1.0,1.0,1.0,1.0,1.0,1.0,1.0
guardian,5.0,20.0,1.0,1.0,1.0,12.0,4.0,1.0,1.0,1.0,1.0,1.0,1.0,1.0,1.0,1.0,1.0,4.0,1.0,1.0,1.0,1.0,1.0,1.0,1.0,1.0,1.0,1.0,1.0,1.0,1.0,1.0,5.0,1.0,1.0,1.0,8.0,1.0,1.0,1.0,1.0,1.0,3.0,1.0,1.0,1.0,1.0,1.0
healer,1.0,1.0,1.0,1.0,1.0,1.0,1.0,1.0,10.0,1.0,1.0,1.0,3.0,3.0,1.0,1.0,1.0,1.0,1.0,1.0,1.0,1.0,1.0,1.0,1.0,1.0,1.0,1.0,1.0,2.0,1.0,1.0,5.0,2.0,10.0,1.0,1.0,1.0,1.0,1.0,1.0,1.0,2.0,1.0,1.0,1.0,1.0,1.0
iron_golem,1.0,1.0,1.0,1.0,1.0,1.0,1.0,1.0,1.0,1.0,1.0,1.0,1.0,1.0,1.0,1.0,1.0,1.0,1.0,1.0,1.0,1.0,1.0,1.0,1.0,1.0,1.0,1.0,1.0,1.0,1.0,1.0,1.0,1.0,1.0,1.0,16.0,1.0,1.0,1.0,1.0,1.0,1.0,1.0,1.0,1.0,1.0,1.0
mage,6.2,1.0,1.0,1.0,1.0,1.0,2.5,1.0,1.0,1.0,1.0,1.0,1.0,1.0,2.0,1.0,1.0,1.0,1.0,1.0,1.0,1.0,1.0,3.2,1.0,1.0,1.0,1.0,1.0,1.0,1.0,1.0,1.0,2.6,1.0,2.5,1.0,1.0,1.0,1.0,1.0,1.0,1.0,1.0,1.0,1.0,1.0,2.0
maniac,1.0,1.0,1.0,1.0,1.0,1.0,1.0,1.0,1.0,1.0,1.0,1.0,1.0,1.0,1.0,1.0,1.0,1.0,1.0,1.0,1.0,1.0,1.0,1.0,1.0,1.0,1.0,1.0,1.0,1.0,1.0,1.0,1.0,1.0,1.0,1.0,1.0,1.0,1.0,1.0,1.0,1.0,1.0,1.0,1.0,1.0,1.0,1.0
phantom,1.0,1.0,1.0,1.0,1.0,1.0,1.0,1.0,1.0,1.0,1.0,1.0,16.0,1.0,1.0,1.0,1.0,1.0,1.0,10.0,1.0,1.0,1.0,1.0,1.0,1.0,18.0,1.0,1.0,1.0,1.0,1.0,1.0,1.0,1.0,1.0,1.0,1.0,18.0,1.0,1.0,1.0,1.0,1.0,18.0,1.0,1.0,1.0
piglin,1.0,1.0,1.0,1.0,1.0,1.0,1.0,10.0,1.0,1.0,1.0,1.0,1.0,14.0,1.0,1.0,1.0,1.0,1.0,1.0,14.0,1.0,1.0,1.0,1.0,1.0,1.0,1.0,1.0,1.0,1.0,1.0,1.0,1.0,1.0,1.0,1.0,1.0,1.0,1.0,1.0,1.0,1.0,1.0,1.0,1.0,1.0,1.0
protector,1.0,1.0,1.0,1.0,1.0,1.0,1.0,3.0,1.0,1.0,3.0,1.0,2.0,2.0,1.0,1.0,1.0,1.0,1.0,1.0,1.0,1.0,1.0,1.0,1.0,1.0,1.0,1.0,1.0,2.0,1.0,1.0,1.0,1.0,1.0,1.0,1.0,1.0,1.0,1.0,1.0,1.0,1.0,1.0,1.0,1.0,1.0,1.0
shooter,1.0,1.0,2.5,1.0,1.0,1.0,1.5,1.0,1.0,1.0,1.0,1.0,1.0,1.0,3.0,2.6,1.0,1.0,1.0,1.0,3.4,1.0,1.0,2.6,1.0,1.0,1.0,1.0,1.0,1.0,4.0,2.6,1.0,1.0,1.0,1.0,1.0,2.5,3.4,4.0,4.0,1.0,1.0,1.0,1.0,1.0,1.0,2.6
shulker,1.0,1.0,1.0,1.0,1.0,1.0,1.0,1.0,1.0,1.0,1.0,1.0,4.0,1.0,1.0,1.0,1.0,1.0,1.0,1.0,1.0,1.0,1.0,1.0,1.0,1.0,5.0,1.0,1.0,1.0,1.0,1.0,1.0,1.0,1.0,1.0,6.0,1.0,1.0,1.0,1.0,1.0,1.0,1.0,8.0,1.0,8.0,1.0
skeleton,1.0,1.0,1.0,1.0,10.0,1.0,1.0,1.0,1.0,1.0,1.0,1.0,1.0,1.0,6.0,1.0,1.0,1.0,1.0,1.0,4.0,1.0,3.0,1.0,1.0,1.0,1.0,1.0,1.0,1.0,1.0,10.0,5.0,1.0,10.0,10.0,5.0,10.0,3.0,1.0,1.0,1.0,3.0,10.0,1.0,1.0,1.0,1.0
slime,1.0,1.0,1.0,1.0,1.0,22.0,1.0,1.0,1.0,1.0,1.0,1.0,1.0,1.0,1.0,1.0,1.0,1.0,1.0,18.0,1.0,1.0,1.0,1.0,1.0,1.0,1.0,1.0,1.0,1.0,1.0,1.0,1.0,1.0,1.0,1.0,16.0,1.0,1.0,1.0,1.0,1.0,1.0,1.0,1.0,1.0,1.0,1.0
speedster,1.0,4.0,1.0,1.0,1.0,1.0,3.0,1.0,1.0,1.0,4.0,1.0,4.0,1.0,1.0,1.0,1.0,1.0,1.0,4.0,1.0,1.0,1.0,2.0,1.0,1.0,1.0,1.0,1.0,1.0,1.0,1.0,1.0,1.0,1.0,1.0,1.0,1.0,7.0,1.0,1.0,1.0,1.0,1.0,2.0,2.0,1.0,1.0
spider,1.0,1.0,10.0,1.0,1.0,1.0,1.0,1.0,1.0,1.0,1.0,1.0,1.0,1.0,1.0,1.0,1.0,1.0,1.0,1.0,3.0,1.0,1.0,1.0,1.0,1.0,1.0,1.0,1.0,1.0,1.0,10.0,10.0,1.0,1.0,1.0,1.0,1.0,1.0,1.0,1.0,1.0,1.0,1.0,1.0,20.0,2.0,5.0
supporter,1.0,1.0,1.0,1.0,1.0,1.0,1.0,2.5,1.0,1.0,1.0,1.0,1.0,3.6,1.0,1.0,1.0,1.0,2.5,1.0,1.0,1.0,1.0,1.0,2.5,1.0,1.0,1.0,2.5,1.0,1.0,1.0,3.6,1.0,4.0,1.0,4.2,1.0,1.0,1.0,1.0,1.0,4.2,1.0,1.0,1.0,1.0,1.0
tanker,1.0,1.0,1.0,4.0,1.0,1.0,1.0,1.0,1.0,1.0,1.0,1.0,1.0,3.8,1.0,1.0,1.0,2.5,1.0,1.0,1.0,1.0,1.0,1.0,1.0,1.0,1.0,1.0,1.0,2.8,1.0,1.0,3.8,1.0,4.2,1.0,4.6,1.0,1.0,1.0,1.0,1.0,3.6,1.0,1.0,1.0,1.0,1.0
warden,3.0,1.0,1.0,1.0,5.0,1.0,1.0,1.0,1.0,1.0,1.0,1.0,1.0,1.0,1.0,1.0,1.0,1.0,1.0,1.0,5.0,1.0,2.0,1.0,1.0,1.0,5.0,1.0,1.0,1.0,1.0,1.0,1.0,1.0,1.0,5.0,3.0,1.0,1.0,3.0,1.0,1.0,1.0,1.0,1.0,1.0,1.0,1.0
witch,1.0,1.0,1.0,1.0,1.0,1.0,1.0,1.0,1.0,1.0,1.0,1.0,1.0,1.0,1.0,1.0,1.0,1.0,1.0,1.0,1.0,1.0,1.0,1.0,1.0,1.0,1.0,18.0,1.0,1.0,1.0,1.0,12.0,18.0,14.0,14.0,1.0,1.0,1.0,1.0,1.0,1.0,1.0,1.0,1.0,1.0,1.0,1.0
wither,1.0,1.0,1.0,1.0,1.0,1.0,1.0,1.0,1.0,1.0,1.0,1.0,1.0,1.0,1.0,1.0,1.0,1.0,1.0,1.0,1.0,1.0,4.0,1.0,1.0,1.0,1.0,1.0,1.0,1.0,1.0,1.0,1.0,1.0,1.0,4.0,1.0,1.0,1.0,1.0,3.0,1.0,1.0,1.0,1.0,1.0,1.0,25.0
zombie,1.0,1.0,1.0,1.0,10.0,1.0,1.0,1.0,1.0,1.0,1.0,1.0,1.0,1.0,1.0,1.0,1.0,1.0,1.0,1.0,4.0,1.0,3.0,1.0,1.0,1.0,1.0,1.0,1.0,1.0,1.0,5.0,5.0,3.0,10.0,10.0,5.0,10.0,1.0,1.0,1.0,1.0,10.0,10.0,1.0,1.0,1.0,1.0
