class,hp,damage,speed,armor,armor_toughness,knockback,knockback_resist
assassin,1.0,1.0,3.8,1.0,1.0,1.0,1.0
attributer,1.0,1.0,1.0,1.0,1.0,1.0,1.0
bee,1.0,1.0,5.0,1.0,1.0,1.0,1.0
blaze,1.0,1.0,3.0,1.0,1.0,1.0,1.0
crackhead,1.0,1.0,1.0,1.0,1.0,1.0,1.0
creeper,1.0,1.0,4.0,1.0,1.0,1.0,4.0
defuser,1.0,1.0,1.0,1.0,1.0,1.0,10.0
desmond doss,1.0,0.0,50.0,1.0,1.0,1.0,50.0
disco,1.0,1.0,1.0,1.0,1.0,1.0,1.0
dolphin,1.0,1.0,4.0,1.0,1.0,1.0,1.0
dps,1.0,4.3,1.0,1.0,1.0,1.0,1.0
drowned,1.0,1.0,1.0,1.0,1.0,1.0,1.0
enderman,1.0,1.0,4.0,1.0,1.0,1.0,1.0
evoker,1.0,1.0,1.0,1.0,1.0,1.0,1.0
fisher,5.0,1.0,5.0,1.0,1.0,1.0,1.0
frost,1.0,1.0,1.0,1.0,1.0,1.0,4.0
gandalf,1.0,1.0,1.0,1.0,1.0,1.0,1.0
ghast,1.0,1.0,1.0,1.0,1.0,1.0,1.0
goofygirl,1.0,1.0,1.0,1.0,1.0,1.0,1.0
guardian,1.0,1.0,1.0,4.0,1.0,1.0,4.0
healer,1.5,0.5,1.0,1.0,1.0,1.0,1.0
iron_golem,6.0,1.0,1.0,6.0,1.0,5.0,5.0
knight,1.0,3.0,3.0,15.0,10.0,1.0,10.0
mage,1.0,1.0,1.0,1.0,1.0,1.0,1.0
maniac,1.0,1.0,1.0,1.0,1.0,1.0,1.0
none,1.0,1.0,1.0,1.0,1.0,1.0,1.0
ordinary,1.0,1.0,1.0,1.0,1.0,1.0,1.0
phantom,1.0,1.0,4.0,1.0,1.0,1.0,1.0
piglin,1.0,1.0,1.0,1.0,1.0,1.0,1.0
protectedbitch,1.0,1.0,1.0,2000000.0,2000000.0,1.0,1.0
protector,1.0,1.0,2.0,2.0,2.0,2.0,2.0
shooter,1.0,1.0,1.8,1.0,1.0,2.8,1.0
shulker,1.0,1.0,1.0,3.0,1.0,1.0,1.0
skeleton,1.0,1.0,3.0,1.0,1.0,1.0,1.0
slime,5.0,1.0,1.0,1.0,1.0,1.0,4.0
speedster,1.0,0.5,10.0,1.0,1.0,1.0,1.0
spider,1.0,1.0,3.0,1.0,1.0,1.0,1.0
sponge,1.0,0.0,0.0,0.0,0.0,0.0,0.0
striker,0.0,1.0,0.0,0.0,0.0,0.0,0.0
supporter,1.0,1.0,1.8,1.0,1.0,1.0,2.8
tanker,3.0,1.0,1.0,3.0,3.0,1.0,1.0
thor,1.0,1.0,1.0,1.0,1.0,1.0,1.0
unstable_god,1.0,1.0,1.0,1.0,1.0,1.0,1.0
vorgottenlunchbox,1.0,1.0,1.0,1.0,1.0,1.0,1.0
warden,1.0,3.0,3.0,1.0,1.0,1.0,5.0
witch,1.0,1.0,1.0,1.0,1.0,1.0,1.0
wither,1.0,1.0,1.0,1.0,1.0,1.0,1.0
zombie,3.0,1.0,1.0,1.0,1.0,1.0,1.0
