class,ability_nonpreferred_100,ability_nonpreferred_200,attribute_nonpreferred_100,attribute_nonpreferred_200
assassin,0.9998333333333334,1.0,1.0,1.0
attributer,0.8916666666666667,0.9893333333333333,1.0,1.0
bee,0.8483333333333334,0.9718333333333333,0.8358333333333333,0.963
blaze,0.7538333333333334,0.9246666666666666,0.7568333333333334,0.9215
creeper,0.9998333333333334,1.0,1.0,1.0
disco,0.7766666666666666,0.9245,0.8683333333333333,0.9801666666666666
dolphin,0.773,0.929,0.8903333333333333,0.9855
dps,0.6343333333333333,0.8655,0.95,0.9971666666666666
enderman,0.6876666666666666,0.865,0.8666666666666667,0.968
evoker,0.7965,0.95,0.8936666666666667,0.9855
fisher,1.0,1.0,1.0,1.0
ghast,0.9293333333333333,0.9951666666666666,0.8111666666666667,0.9445
guardian,1.0,1.0,1.0,1.0
healer,1.0,1.0,0.9998333333333334,1.0
iron_golem,0.5853333333333334,0.7818333333333334,0.9761666666666666,0.9983333333333333
mage,1.0,1.0,1.0,1.0
maniac,1.0,1.0,0.9965,1.0
phantom,0.8571666666666666,0.9776666666666667,0.8308333333333333,0.9616666666666667
piglin,0.8396666666666667,0.976,0.9015,0.9845
protector,0.9998333333333334,1.0,0.9998333333333334,1.0
shooter,1.0,1.0,0.9998333333333334,1.0
shulker,0.568,0.769,0.9601666666666666,0.9973333333333333
skeleton,0.9998333333333334,1.0,0.9998333333333334,1.0
slime,0.7361666666666666,0.9013333333333333,0.8368333333333333,0.9636666666666667
speedster,1.0,1.0,0.9998333333333334,1.0
spider,0.9996666666666667,1.0,0.9996666666666667,1.0
supporter,1.0,1.0,0.9998333333333334,1.0
tanker,1.0,1.0,0.9998333333333334,1.0
warden,0.9996666666666667,1.0,0.9998333333333334,1.0
witch,0.7531666666666667,0.9061666666666667,0.7821666666666667,0.9293333333333333
wither,0.9998333333333334,1.0,1.0,1.0
zombie,0.9998333333333334,1.0,0.9998333333333334,1.0
